{"cameraMode":{"drawMode":0,"name":"Shaded","section":"Shading Mode"},"sceneLighting":false,"audioPlay":false,"sceneViewState":{"m_AlwaysRefresh":false,"showFog":true,"showSkybox":false,"showFlares":true,"showImageEffects":true,"showParticleSystems":true,"showVisualEffectGraphs":true,"m_FxEnabled":true},"in2DMode":false,"pivot":{"x":-0.012975871562957764,"y":0.28409266471862795,"z":-0.629852294921875},"rotation":{"x":0.0005795994657091796,"y":0.9970948696136475,"z":-0.07523348182439804,"w":0.007778438273817301},"size":1.0865302085876465,"orthographic":false}